{
    "calculated_error_matrix_camera_to_lidar": {
        "sensor_name": "top_center_lidar",
        "camera_name": "camera1",
        "intrinsic_data": [
            [
                1174.4627,
                0.0,
                955.91412
            ],
            [
                0.0,
                1178.1575,
                562.77671
            ],
            [
                0.0,
                0.0,
                1.0
            ]
        ],
        "extrinsic_data": [
            [
                0.05589368360483893,
                -0.9984359607123022,
                -0.0012363209876646297,
                0.1607380518343322
            ],
            [
                0.07159048900999065,
                0.005242787755594169,
                -0.9974203301817446,
                -0.24946085376289062
            ],
            [
                0.9958668073675279,
                0.055660987532132056,
                0.07177155739257202,
                -0.3528981891457512
            ],
            [
                0.0,
                0.0,
                0.0,
                1.0
            ]
        ],
        "rotation": [
            [
                0.05589368360483893,
                -0.9984359607123022,
                -0.0012363209876646297
            ],
            [
                0.07159048900999065,
                0.005242787755594169,
                -0.9974203301817446
            ],
            [
                0.9958668073675279,
                0.055660987532132056,
                0.07177155739257202
            ]
        ],
        "translation": [
            0.1607380518343322,
            -0.24946085376289062,
            -0.3528981891457512
        ],
        "error": {
            "data": 2.926200315617654
        }
    }
}