{
    "calculated_error_matrix_camera_to_lidar": {
        "sensor_name": "top_center_lidar",
        "camera_name": "camera1",
        "intrinsic_data": [
            [
                3398.68365,
                0.0,
                1036.84001
            ],
            [
                0.0,
                3405.38614,
                537.88332
            ],
            [
                0.0,
                0.0,
                1.0
            ]
        ],
        "extrinsic_data": [
            [
                0.04289181692700095,
                -0.9979119568585599,
                0.04829097637675106,
                -0.15205064556526438
            ],
            [
                0.016316003904425946,
                -0.047629363440017114,
                -0.9987318117266963,
                -0.38510503024299725
            ],
            [
                0.9989464850818041,
                0.04362533778686539,
                0.014239025447358555,
                -0.7786935153101382
            ],
            [
                0.0,
                0.0,
                0.0,
                1.0
            ]
        ],
        "rotation": [
            [
                0.04289181692700095,
                -0.9979119568585599,
                0.04829097637675106
            ],
            [
                0.016316003904425946,
                -0.047629363440017114,
                -0.9987318117266963
            ],
            [
                0.9989464850818041,
                0.04362533778686539,
                0.014239025447358555
            ]
        ],
        "translation": [
            -0.15205064556526438,
            -0.38510503024299725,
            -0.7786935153101382
        ],
        "error": {
            "data": 15.39945648148015
        }
    }
}