{
    "calculated_error_matrix_camera_to_lidar": {
        "sensor_name": "top_center_lidar",
        "camera_name": "camera1",
        "intrinsic_data": [
            [
                1161.66449,
                0.0,
                940.21347
            ],
            [
                0.0,
                1165.90344,
                572.95445
            ],
            [
                0.0,
                0.0,
                1.0
            ]
        ],
        "extrinsic_data": [
            [
                -0.840601462611784,
                -0.5396041020415957,
                0.04708071914077441,
                0.10255351711641536
            ],
            [
                -0.08234064057139712,
                0.041392022204212564,
                -0.9957443042308288,
                -0.19630810673848748
            ],
            [
                0.5353589449754448,
                -0.8409007750964014,
                -0.07922554182237951,
                -0.6924982757827163
            ],
            [
                0.0,
                0.0,
                0.0,
                1.0
            ]
        ],
        "rotation": [
            [
                -0.840601462611784,
                -0.5396041020415957,
                0.04708071914077441
            ],
            [
                -0.08234064057139712,
                0.041392022204212564,
                -0.9957443042308288
            ],
            [
                0.5353589449754448,
                -0.8409007750964014,
                -0.07922554182237951
            ]
        ],
        "translation": [
            0.10255351711641536,
            -0.19630810673848748,
            -0.6924982757827163
        ],
        "error": {
            "data": 2.4206323899407574
        }
    }
}