{
    "calculated_error_matrix_camera_to_lidar": {
        "sensor_name": "top_center_lidar",
        "camera_name": "camera1",
        "intrinsic_data": [
            [
                1168.54029,
                0.0,
                976.07317
            ],
            [
                0.0,
                1171.56817,
                570.7802
            ],
            [
                0.0,
                0.0,
                1.0
            ]
        ],
        "extrinsic_data": [
            [
                -0.8865429954967368,
                0.4606892292261433,
                0.042508248737097465,
                0.03058531660682018
            ],
            [
                -0.02570524816796743,
                0.04268958242958343,
                -0.9987576481652648,
                -0.24086105102539346
            ],
            [
                -0.46193155050537105,
                -0.8865342822626826,
                -0.02600401931806018,
                -0.7008640984887435
            ],
            [
                0.0,
                0.0,
                0.0,
                1.0
            ]
        ],
        "rotation": [
            [
                -0.8865429954967368,
                0.4606892292261433,
                0.042508248737097465
            ],
            [
                -0.02570524816796743,
                0.04268958242958343,
                -0.9987576481652648
            ],
            [
                -0.46193155050537105,
                -0.8865342822626826,
                -0.02600401931806018
            ]
        ],
        "translation": [
            0.03058531660682018,
            -0.24086105102539346,
            -0.7008640984887435
        ],
        "error": {
            "data": 1.9068752445378776
        }
    }
}