{
    "calculated_error_matrix_camera_to_lidar": {
        "sensor_name": "top_center_lidar",
        "camera_name": "camera1",
        "intrinsic_data": [
            [
                1157.86148,
                0.0,
                983.34533
            ],
            [
                0.0,
                1164.36681,
                581.63912
            ],
            [
                0.0,
                0.0,
                1.0
            ]
        ],
        "extrinsic_data": [
            [
                -0.06976945326142153,
                0.9975151916334448,
                0.009780892193184232,
                0.03962599105348552
            ],
            [
                -0.06751372810321055,
                0.0050606288384941744,
                -0.9977055109366517,
                -0.24551549006401296
            ],
            [
                -0.9952759014008169,
                -0.07026971251009512,
                0.0669928921195419,
                -0.693133649923336
            ],
            [
                0.0,
                0.0,
                0.0,
                1.0
            ]
        ],
        "rotation": [
            [
                -0.06976945326142153,
                0.9975151916334448,
                0.009780892193184232
            ],
            [
                -0.06751372810321055,
                0.0050606288384941744,
                -0.9977055109366517
            ],
            [
                -0.9952759014008169,
                -0.07026971251009512,
                0.0669928921195419
            ]
        ],
        "translation": [
            0.03962599105348552,
            -0.24551549006401296,
            -0.693133649923336
        ],
        "error": {
            "data": 5.193169740349141
        }
    }
}