{
    "calculated_error_matrix_camera_to_lidar": {
        "sensor_name": "top_center_lidar",
        "camera_name": "camera1",
        "intrinsic_data": [
            [
                1145.80021,
                0.0,
                994.3732
            ],
            [
                0.0,
                1149.80058,
                558.32921
            ],
            [
                0.0,
                0.0,
                1.0
            ]
        ],
        "extrinsic_data": [
            [
                0.8239655209562647,
                0.5663376448660511,
                -0.018506547026555686,
                -0.026829674267812242
            ],
            [
                0.009547457534481718,
                -0.046531310393915684,
                -0.9988712045142017,
                -0.1468709568286073
            ],
            [
                -0.5665594993731009,
                0.8228587419239098,
                -0.04374728002403738,
                -0.8699623614981604
            ],
            [
                0.0,
                0.0,
                0.0,
                1.0
            ]
        ],
        "rotation": [
            [
                0.8239655209562647,
                0.5663376448660511,
                -0.018506547026555686
            ],
            [
                0.009547457534481718,
                -0.046531310393915684,
                -0.9988712045142017
            ],
            [
                -0.5665594993731009,
                0.8228587419239098,
                -0.04374728002403738
            ]
        ],
        "translation": [
            -0.026829674267812242,
            -0.1468709568286073,
            -0.8699623614981604
        ],
        "error": {
            "data": 11.924742144083005
        }
    }
}