{
    "calculated_error_matrix_camera_to_lidar": {
        "sensor_name": "top_center_lidar",
        "camera_name": "camera1",
        "intrinsic_data": [
            [
                1172.76043,
                0.0,
                945.13741
            ],
            [
                0.0,
                1178.83806,
                554.10384
            ],
            [
                0.0,
                0.0,
                1.0
            ]
        ],
        "extrinsic_data": [
            [
                0.9369001035959882,
                -0.3482817757449262,
                -0.030298524151977896,
                0.0907176951118327
            ],
            [
                -0.06493855913117236,
                -0.08821808128346129,
                -0.9939821696955293,
                -0.24499755855177874
            ],
            [
                0.34351299745394537,
                0.9332295402625368,
                -0.10526844618203575,
                -0.9261307364676767
            ],
            [
                0.0,
                0.0,
                0.0,
                1.0
            ]
        ],
        "rotation": [
            [
                0.9369001035959882,
                -0.3482817757449262,
                -0.030298524151977896
            ],
            [
                -0.06493855913117236,
                -0.08821808128346129,
                -0.9939821696955293
            ],
            [
                0.34351299745394537,
                0.9332295402625368,
                -0.10526844618203575
            ]
        ],
        "translation": [
            0.0907176951118327,
            -0.24499755855177874,
            -0.9261307364676767
        ],
        "error": {
            "data": 11.88546465441678
        }
    }
}